{"working_dir":null,"default_chunk_options":{"echo":false,"message":false,"warning":false,"fig.pos":"H"},"chunk_definitions":[{"row":23,"row_count":1,"visible":true,"expansion_state":0,"options":{"engine":"r","label":"setup","include":false},"document_id":"1CE8A3E1","chunk_id":"csetup_chunk","chunk_label":"setup"},{"row":42,"row_count":1,"visible":true,"expansion_state":0,"options":{"engine":"r","label":"set_directory"},"document_id":"1CE8A3E1","chunk_id":"cdprveqait5ll","chunk_label":"set_directory"},{"row":47,"row_count":1,"visible":true,"expansion_state":0,"options":{"engine":"r","label":"load_functions_file"},"document_id":"1CE8A3E1","chunk_id":"crdwl1x0uke04","chunk_label":"load_functions_file"},{"row":51,"row_count":1,"visible":true,"expansion_state":0,"options":{},"document_id":"1CE8A3E1","chunk_id":"c0eg4dom1b0bh","chunk_label":"get_rule605_files"},{"row":74,"row_count":1,"visible":true,"expansion_state":0,"options":{},"document_id":"1CE8A3E1","chunk_id":"ctoeias4dipj8","chunk_label":"img1"},{"row":101,"row_count":1,"visible":true,"expansion_state":0,"options":{},"document_id":"1CE8A3E1","chunk_id":"cg9qvzio5qzqu","chunk_label":"print_5lines"},{"row":212,"row_count":1,"visible":true,"expansion_state":0,"options":{},"document_id":"1CE8A3E1","chunk_id":"c3cphrdx45zku","chunk_label":"process_rule605_files"},{"row":231,"row_count":1,"visible":true,"expansion_state":0,"options":{},"document_id":"1CE8A3E1","chunk_id":"caibbkhdekdo0","chunk_label":"get_constituent_data"},{"row":251,"row_count":1,"visible":true,"expansion_state":0,"options":{},"document_id":"1CE8A3E1","chunk_id":"cxvamnibbo2f5","chunk_label":"get_user_input"},{"row":272,"row_count":1,"visible":true,"expansion_state":0,"options":{},"document_id":"1CE8A3E1","chunk_id":"cs1qajbpyrhdv","chunk_label":"unnamed-chunk-1"},{"row":287,"row_count":1,"visible":true,"expansion_state":0,"options":{},"document_id":"1CE8A3E1","chunk_id":"cp4r7wkjes5cx","chunk_label":"filter_rule605"},{"row":306,"row_count":1,"visible":true,"expansion_state":0,"options":{},"document_id":"1CE8A3E1","chunk_id":"c8vnfx7alg4ov","chunk_label":"update_rule605_df"},{"row":323,"row_count":1,"visible":true,"expansion_state":0,"options":{},"document_id":"1CE8A3E1","chunk_id":"c7xttusg5q8b1","chunk_label":"unnamed-chunk-2"},{"row":342,"row_count":1,"visible":true,"expansion_state":0,"options":{},"document_id":"1CE8A3E1","chunk_id":"csztbilk76ebx","chunk_label":"unnamed-chunk-3"},{"row":389,"row_count":1,"visible":true,"expansion_state":0,"options":{},"document_id":"1CE8A3E1","chunk_id":"cql8na16l2g0p","chunk_label":"row_level_net_pi"},{"row":418,"row_count":1,"visible":true,"expansion_state":0,"options":{},"document_id":"1CE8A3E1","chunk_id":"chkh6ftw86cky","chunk_label":"unnamed-chunk-4"},{"row":484,"row_count":1,"visible":true,"expansion_state":0,"options":{},"document_id":"1CE8A3E1","chunk_id":"ch1un6jqyak9o","chunk_label":"calc_wmean"},{"row":536,"row_count":1,"visible":true,"expansion_state":0,"options":{},"document_id":"1CE8A3E1","chunk_id":"c6l6bu390qfja","chunk_label":"unnamed-chunk-5"},{"row":545,"row_count":1,"visible":true,"expansion_state":0,"options":{},"document_id":"1CE8A3E1","chunk_id":"csj5sdixzqwp6","chunk_label":"calc_weighted_quantiles"},{"row":558,"row_count":1,"visible":true,"expansion_state":0,"options":{},"document_id":"1CE8A3E1","chunk_id":"cqhz1a3znmm9c","chunk_label":"merge_tables"}],"doc_write_time":1686590287}