"0",""
"0","constituent_data_dir <- ""./data/constituent_data"""
"0",""
"0","setwd(constituent_data_dir)"
"0",""
"0","rule605_all <- add_listing_data(rule605_all, ""sp500constituents.csv"", ""in_sp500"")"
"0","rule605_all <- add_listing_data(rule605_all, ""russell1000_constituents.csv"", ""in_r1000"")"
"0","rule605_all <- add_listing_data(rule605_all, ""tickers_NYSE.csv"", ""on_nyse"")"
"0","rule605_all <- add_listing_data(rule605_all, ""tickers_NASDAQ.csv"", ""on_nasdaq"")"
"0","rule605_all <- add_listing_data(rule605_all, ""tickers_AMEX.csv"", ""on_amex"")"
"0",""
"0",""
