"0","# Order size and Order type mapping"
"0","ordersize <- case_when("
"0","  osize == 21 ~ ""100-499"","
"0","  osize == 22 ~ ""500-1999"","
"0","  osize == 23 ~ ""2000-4999"","
"0","  osize == 24 ~ ""5000+"","
"0","  TRUE ~ NA_character_"
"0",")"
"0",""
"0","ordertype <- case_when("
"0","  otype == 11 ~ ""mkt_ordr"","
"0","  otype == 12 ~ ""mktbl_lmt_ordr"","
"0","  otype == 13 ~ ""insd_qt_lmt_ordr"","
"0","  otype == 14 ~ ""at_qt_lmt_ordr"","
"0","  otype == 15 ~ ""nr_qt_lmt_ordr"","
"0","  TRUE ~ NA_character_"
"0",")"
"0",""
