"0","# weighted mean net_pi per market center and order type"
"0","net_pi_type_wmean <- rule605_df %>%"
"0","  group_by(market_center,order_type) %>%"
"0","  summarise(net_pi_type_wmean = round(wtd.mean(net_pi, total_exec_shrs),3)"
"0","  )"
"0",""
"0","# weighted mean net_pi per market center and month"
"0","net_pi_monthly_wmean <- rule605_df %>%"
"0","  group_by(market_center,date) %>%"
"0","  summarise(net_pi_monthly_wmean = round(wtd.mean(net_pi, total_exec_shrs),3)"
"0","  )"
"0",""
"0","# weighted mean net_pi per market center and order size"
"0","net_pi_size_wmean <- rule605_df %>%"
"0","  group_by(market_center,order_size) %>%"
"0","  summarise(net_pi_size_wmean = round(wtd.mean(net_pi, total_exec_shrs),3)"
"0","  )"
"0",""
"0","# weighted mean net_pi for stocks based on S&P 500 listing"
"0","net_pi_sp500_wmean <- rule605_df %>%"
"0","  group_by(market_center,in_sp500) %>%"
"0","  summarise(net_pi_sp500_wmean = round(wtd.mean(net_pi, total_exec_shrs),3)"
"0","  )"
"0",""
"0","# weighted mean net_pi for stocks based on Russell 1000 listing"
"0","net_pi_r1000_wmean <- rule605_df %>%"
"0","  group_by(market_center,in_r1000) %>%"
"0","  summarise(net_pi_r1000_wmean = round(wtd.mean(net_pi, total_exec_shrs),3)"
"0","  )"
"0",""
"0","# weighted mean net_pi for stocks based on NYSE listing"
"0","net_pi_nyse_wmean <- rule605_df %>%"
"0","  group_by(market_center,on_nyse) %>%"
"0","  summarise(net_pi_nyse_wmean = round(wtd.mean(net_pi, total_exec_shrs),3)"
"0","  )"
"0",""
"0","# weighted mean net_pi for stocks based on NASDAQ listing"
"0","net_pi_nsdq_wmean <- rule605_df %>%"
"0","  group_by(market_center,on_nasdaq) %>%"
"0","  summarise(net_pi_nsdq_wmean = round(wtd.mean(net_pi, total_exec_shrs),3)"
"0","  )"
"0",""
"0","# weighted mean net_pi for stocks based on AMEX listing"
"0","net_pi_amex_wmean <- rule605_df %>%"
"0","  group_by(market_center,on_amex) %>%"
"0","  summarise(net_pi_amex_wmean = round(wtd.mean(net_pi, total_exec_shrs),3)"
"0","  )"
"0",""
