"0",""
"0","rule605_path = ""./data/f605_data"""
"0",""
"0","setwd(rule605_path)"
"0",""
"0","rule605_files  <- list.files()"
"0",""
"0","rule605_col_names <- c(""participant"", ""market_center"", ""date"","
"0","                    ""ticker"", ""order_type"", ""order_size"","
"0","                    ""total_orders"", ""total_shrs"", ""cancelled_shrs"","
"0","                    ""mc_exec_shrs"", ""away_exec_shrs"", ""shrs_0to9sec"","
"0","                    ""shrs_10to29sec"", ""shrs_30to59sec"", ""shrs_60to299sec"","
"0","                    ""shrs_5to30min"", ""avg_realzd_spread"", ""avg_effec_spread"","
"0","                    ""px_improved_shrs"", ""px_improved_avg_amt"", ""px_improved_avg_secs"","
"0","                    ""at_quote_shrs"", ""at_quote_avg_secs"", ""outside_quote_shrs"","
"0","                    ""outside_quote_avg_amt"", ""outside_quote_avg_sec"")"
"0",""
"0","rule605_col_types <- c(""character"", ""character"", ""character"", "
"0","                    ""character"", ""character"", ""character"","
"0","                    ""numeric"", ""numeric"",""numeric"","
"0","                    ""numeric"",""numeric"",""numeric"","
"0","                    ""numeric"",""numeric"",""numeric"","
"0","                    ""numeric"", ""numeric"", ""numeric"","
"0","                    ""numeric"", ""numeric"", ""numeric"","
"0","                    ""numeric"", ""numeric"", ""integer"","
"0","                    ""numeric"", ""numeric"")"
"0",""
"0","rule605_all <- process_rule605_files(rule605_files, rule605_col_names, rule605_col_types)"
"0",""
