"0","# Create the row level net_pi_numerator"
"0",""
"0","rule605_df <- rule605_df %>%"
"0","  mutate(net_pi_numerator = 100 * ((px_improved_shrs * px_improved_avg_amt) + "
"0","                                     (at_quote_shrs * 0) -  (outside_quote_shrs * "
"0","                                                               outside_quote_avg_amt))"
"0","  )"
"0",""
"0","# For a row level weighted net-pi, divide the net_pi_numerator by all executed shares in the row."
"0",""
"0","rule605_df <- rule605_df %>%"
"0","  mutate(net_pi =  round(net_pi_numerator/ total_exec_shrs,3)"
"0","  )"
