"0",""
"0","sample_df <- rule605_df %>%"
"0","  select(2:6,31,30,32) %>%"
"0","  sample_n(5) %>%"
"0","  arrange(market_center)"
"0",""
"0","sample_df$date <- as.Date(paste0(substr(sample_df$date, 1, 4), ""-"", substr(sample_df$date, 5, 6), ""-01""))"
"0",""
"0","sample_df$date <- format(sample_df$date, ""%Y %b"")"
"0",""
"0","sample_df %>% "
"0","  knitr::kable("
"0","    format = ""latex"","
"0","    booktabs = TRUE,"
"0","    longtable = FALSE,"
"0","    caption = ""Sample rows and columns from the data frame"","
"0","    linesep = """","
"0","    align = ""l"""
"0","    ) %>%"
"0","  kableExtra::kable_styling("
"0","      position = ""left"","
"0","      latex_options = c(""striped"", ""repeat_header"", ""scale_down"", ""HOLD_position""),"
"0","      stripe_color = ""gray!15"""
"0","    ) %>%"
"0","  kableExtra::row_spec(0,bold = TRUE)"
