"0",""
"0","file_path <- ""C:/DEQ/data/f605_data"""
"0","file_name <- list.files(file_path)[1]"
"0","rule605_file <- file.path(file_path, file_name)"
"0","file_content <- readLines(rule605_file, n=5)"
"0",""
"0","# Add a new line for better readability"
"0",""
"0","modified_content <- """""
"0","for (line in file_content) {"
"0","  modified_content <- paste(modified_content, line, ""\n"", sep = ""\n"")"
"0","}"
"0",""
"0","cat(modified_content)"
"1","
T|TETMM|202006|A|11|21|161|27164|0|27164|0|26834|330|0|0|0|-0.0077|0.0147|26864|0.0242|0.3|0|0|300|0.0166|1


T|TETMM|202006|A|12|21|18|2589|0|2589|0|2589|0|0|0|0|0.0146|0.0107|2399|0.0178|0|190|0|0|0|0


T|TETMM|202006|A|13|21|5|750|0|750|0|750|0|0|0|0|0.1426|||||||||


T|TETMM|202006|A|14|21|5|1000|200|500|0|400|0|0|100|0|0.024|||||||||


T|TETMM|202006|A|15|21|9|1388|300|788|0|200|178|100|200|110|0.0487|||||||||

"
