"0","# set the working directory, for Windows or Mac"
"0","os_name = Sys.info()[['sysname']]"
"0","if(os_name == ""Windows""){"
"0","  # create some directories that aren't in the default repo "
"0","  dir.create(""C:/DEQ"")"
"0","  dir.create(""C:/DEQ/analysis/results_data"", recursive=TRUE)"
"0","  setwd(""C:/DEQ"")"
"0","}else if(os_name ==""Darwin""){  # OS X"
"0","  # create some directories that aren't in the default repo "
"0","  dir.create(""~/DEQ"")"
"0","  dir.create(""~/DEQ/analysis/results_data"", recursive=TRUE)  "
"0","  setwd(""~/DEQ"")"
"0","}else{                         # Linux"
"0","  stop(""Code does not support Linux OS"")"
"0","}"
"0",""
