"0",""
"0","# weighted median net_pi per market center and order type"
"0","net_pi_type_wmed <- rule605_df %>%"
"0","  group_by(market_center,order_type) %>%"
"0","  summarise(net_pi_type_wmed = round(wtd.quantile(net_pi, total_exec_shrs , probs= 0.5),3)"
"0","  )"
"0",""
"0","# weighted median net_pi per market center and month"
"0","net_pi_monthly_wmed <- rule605_df %>%"
"0","  group_by(market_center,date) %>%"
"0","  summarise(net_pi_monthly_wmed = round(wtd.quantile(net_pi, total_exec_shrs , probs= 0.5),3)"
"0","  )"
"0",""
"0","# weighted median net_pi per market center and order size"
"0","net_pi_size_wmed <- rule605_df %>%"
"0","  group_by(market_center,order_size) %>%"
"0","  summarise(net_pi_size_wmed = round(wtd.quantile(net_pi, total_exec_shrs , probs= 0.5),3)"
"0","  )"
"0",""
"0","# weighted median net_pi for stocks based on S&P 500 listing"
"0","net_pi_sp500_wmed <- rule605_df %>%"
"0","  group_by(market_center,in_sp500) %>%"
"0","  summarise(net_pi_sp500_wmed = round(wtd.quantile(net_pi, total_exec_shrs , probs= 0.5),3)"
"0","  )"
"0",""
"0","# weighted median net_pi for stocks based on Russell 1000 listing"
"0","net_pi_r1000_wmed <- rule605_df %>%"
"0","  group_by(market_center,in_r1000) %>%"
"0","  summarise(net_pi_r1000_wmed = round(wtd.quantile(net_pi, total_exec_shrs , probs= 0.5),3)"
"0","  )"
"0",""
"0","# weighted median net_pi for stocks based on NYSE listing"
"0","net_pi_nyse_wmed <- rule605_df %>%"
"0","  group_by(market_center,on_nyse) %>%"
"0","  summarise(net_pi_nyse_wmed = round(wtd.quantile(net_pi, total_exec_shrs , probs= 0.5),3)"
"0","  )"
"0",""
"0","# weighted median net_pi for stocks based on NASDAQ listing"
"0","net_pi_nsdq_wmed <- rule605_df %>%"
"0","  group_by(market_center,on_nasdaq) %>%"
"0","  summarise(net_pi_nsdq_wmed = round(wtd.quantile(net_pi, total_exec_shrs , probs= 0.5),3)"
"0","  )"
"0",""
"0","# weighted median net_pi for stocks based on AMEX listing"
"0","net_pi_amex_wmed <- rule605_df %>%"
"0","  group_by(market_center,on_amex) %>%"
"0","  summarise(net_pi_amex_wmed = round(wtd.quantile(net_pi, total_exec_shrs , probs= 0.5),3)"
"0","  )"
"0",""
